race_id,date,num_reunion,num_course,cheval,cote,minutes_avant_depart_estime,date_collecte_utc
30092026_1_1,30092026,1,1,LIGHT MY FIRE,97.0,54.0,2026-09-30T11:00:58.039892+00:00
30092026_1_1,30092026,1,1,KAMEHAMEHA,43.0,54.0,2026-09-30T11:00:58.039892+00:00
30092026_1_1,30092026,1,1,RIKITA JP,8.5,54.0,2026-09-30T11:00:58.039892+00:00
30092026_1_1,30092026,1,1,HURRICANE CARTER,38.0,54.0,2026-09-30T11:00:58.039892+00:00
30092026_1_1,30092026,1,1,JILORD VIVA,5.8,54.0,2026-09-30T11:00:58.039892+00:00
30092026_1_1,30092026,1,1,INVICTUS MADIBA,25.0,54.0,2026-09-30T11:00:58.039892+00:00
30092026_1_1,30092026,1,1,L'AS DESBOIS,2.8,54.0,2026-09-30T11:00:58.039892+00:00
30092026_1_1,30092026,1,1,HORATIUS D'ELA,28.0,54.0,2026-09-30T11:00:58.039892+00:00
30092026_1_1,30092026,1,1,IBISCUS MAN,10.0,54.0,2026-09-30T11:00:58.039892+00:00
30092026_1_1,30092026,1,1,GENDREEN,79.0,54.0,2026-09-30T11:00:58.039892+00:00
30092026_1_1,30092026,1,1,HANNIBAL TUILERIE,116.0,54.0,2026-09-30T11:00:58.039892+00:00
30092026_1_1,30092026,1,1,JABALPUR,109.0,54.0,2026-09-30T11:00:58.039892+00:00
30092026_1_1,30092026,1,1,HARLEY GEMA,8.5,54.0,2026-09-30T11:00:58.039892+00:00
30092026_1_1,30092026,1,1,IDEAL LIGNERIES,11.0,54.0,2026-09-30T11:00:58.039892+00:00
30092026_1_1,30092026,1,1,INMAROSA,15.0,54.0,2026-09-30T11:00:58.039892+00:00
30092026_1_1,30092026,1,1,LIGHT MY FIRE,97.0,42.6,2026-09-30T11:12:23.207024+00:00
30092026_1_1,30092026,1,1,KAMEHAMEHA,43.0,42.6,2026-09-30T11:12:23.207024+00:00
30092026_1_1,30092026,1,1,RIKITA JP,8.5,42.6,2026-09-30T11:12:23.207024+00:00
30092026_1_1,30092026,1,1,HURRICANE CARTER,38.0,42.6,2026-09-30T11:12:23.207024+00:00
30092026_1_1,30092026,1,1,JILORD VIVA,5.8,42.6,2026-09-30T11:12:23.207024+00:00
30092026_1_1,30092026,1,1,INVICTUS MADIBA,25.0,42.6,2026-09-30T11:12:23.207024+00:00
30092026_1_1,30092026,1,1,L'AS DESBOIS,2.8,42.6,2026-09-30T11:12:23.207024+00:00
30092026_1_1,30092026,1,1,HORATIUS D'ELA,28.0,42.6,2026-09-30T11:12:23.207024+00:00
30092026_1_1,30092026,1,1,IBISCUS MAN,10.0,42.6,2026-09-30T11:12:23.207024+00:00
30092026_1_1,30092026,1,1,GENDREEN,79.0,42.6,2026-09-30T11:12:23.207024+00:00
30092026_1_1,30092026,1,1,HANNIBAL TUILERIE,116.0,42.6,2026-09-30T11:12:23.207024+00:00
30092026_1_1,30092026,1,1,JABALPUR,109.0,42.6,2026-09-30T11:12:23.207024+00:00
30092026_1_1,30092026,1,1,HARLEY GEMA,8.5,42.6,2026-09-30T11:12:23.207024+00:00
30092026_1_1,30092026,1,1,IDEAL LIGNERIES,11.0,42.6,2026-09-30T11:12:23.207024+00:00
30092026_1_1,30092026,1,1,INMAROSA,15.0,42.6,2026-09-30T11:12:23.207024+00:00
30092026_1_1,30092026,1,1,LIGHT MY FIRE,100.0,30.5,2026-09-30T11:24:30.638753+00:00
30092026_1_1,30092026,1,1,KAMEHAMEHA,43.0,30.5,2026-09-30T11:24:30.638753+00:00
30092026_1_1,30092026,1,1,RIKITA JP,8.3,30.5,2026-09-30T11:24:30.638753+00:00
30092026_1_1,30092026,1,1,HURRICANE CARTER,39.0,30.5,2026-09-30T11:24:30.638753+00:00
30092026_1_1,30092026,1,1,JILORD VIVA,5.8,30.5,2026-09-30T11:24:30.638753+00:00
30092026_1_1,30092026,1,1,INVICTUS MADIBA,26.0,30.5,2026-09-30T11:24:30.638753+00:00
30092026_1_1,30092026,1,1,L'AS DESBOIS,2.8,30.5,2026-09-30T11:24:30.638753+00:00
30092026_1_1,30092026,1,1,HORATIUS D'ELA,27.0,30.5,2026-09-30T11:24:30.638753+00:00
30092026_1_1,30092026,1,1,IBISCUS MAN,11.0,30.5,2026-09-30T11:24:30.638753+00:00
30092026_1_1,30092026,1,1,GENDREEN,81.0,30.5,2026-09-30T11:24:30.638753+00:00
30092026_1_1,30092026,1,1,HANNIBAL TUILERIE,118.0,30.5,2026-09-30T11:24:30.638753+00:00
30092026_1_1,30092026,1,1,JABALPUR,108.0,30.5,2026-09-30T11:24:30.638753+00:00
30092026_1_1,30092026,1,1,HARLEY GEMA,8.4,30.5,2026-09-30T11:24:30.638753+00:00
30092026_1_1,30092026,1,1,IDEAL LIGNERIES,11.0,30.5,2026-09-30T11:24:30.638753+00:00
30092026_1_1,30092026,1,1,INMAROSA,16.0,30.5,2026-09-30T11:24:30.638753+00:00
30092026_1_1,30092026,1,1,LIGHT MY FIRE,104.0,18.5,2026-09-30T11:36:30.428236+00:00
30092026_1_1,30092026,1,1,KAMEHAMEHA,46.0,18.5,2026-09-30T11:36:30.428236+00:00
30092026_1_1,30092026,1,1,RIKITA JP,8.2,18.5,2026-09-30T11:36:30.428236+00:00
30092026_1_1,30092026,1,1,HURRICANE CARTER,41.0,18.5,2026-09-30T11:36:30.428236+00:00
30092026_1_1,30092026,1,1,JILORD VIVA,5.6,18.5,2026-09-30T11:36:30.428236+00:00
30092026_1_1,30092026,1,1,INVICTUS MADIBA,27.0,18.5,2026-09-30T11:36:30.428236+00:00
30092026_1_1,30092026,1,1,L'AS DESBOIS,2.7,18.5,2026-09-30T11:36:30.428236+00:00
30092026_1_1,30092026,1,1,HORATIUS D'ELA,28.0,18.5,2026-09-30T11:36:30.428236+00:00
30092026_1_1,30092026,1,1,IBISCUS MAN,11.0,18.5,2026-09-30T11:36:30.428236+00:00
30092026_1_1,30092026,1,1,GENDREEN,85.0,18.5,2026-09-30T11:36:30.428236+00:00
30092026_1_1,30092026,1,1,HANNIBAL TUILERIE,124.0,18.5,2026-09-30T11:36:30.428236+00:00
30092026_1_1,30092026,1,1,JABALPUR,118.0,18.5,2026-09-30T11:36:30.428236+00:00
30092026_1_1,30092026,1,1,HARLEY GEMA,8.5,18.5,2026-09-30T11:36:30.428236+00:00
30092026_1_1,30092026,1,1,IDEAL LIGNERIES,11.0,18.5,2026-09-30T11:36:30.428236+00:00
30092026_1_1,30092026,1,1,INMAROSA,16.0,18.5,2026-09-30T11:36:30.428236+00:00
30092026_1_2,30092026,1,2,NIGHT SESSION,9.8,53.5,2026-09-30T11:36:30.428236+00:00
30092026_1_2,30092026,1,2,NEIGE DU KASTEL,23.0,53.5,2026-09-30T11:36:30.428236+00:00
30092026_1_2,30092026,1,2,NAYAJACQ,53.0,53.5,2026-09-30T11:36:30.428236+00:00
30092026_1_2,30092026,1,2,NEMROD GEDE,23.0,53.5,2026-09-30T11:36:30.428236+00:00
30092026_1_2,30092026,1,2,NINJA POTERIE,2.4,53.5,2026-09-30T11:36:30.428236+00:00
30092026_1_2,30092026,1,2,NIKITA DE BEAUM,22.0,53.5,2026-09-30T11:36:30.428236+00:00
30092026_1_2,30092026,1,2,NEVERS DE BELLANDE,12.0,53.5,2026-09-30T11:36:30.428236+00:00
30092026_1_2,30092026,1,2,NARDECH DE HOUELLE,12.0,53.5,2026-09-30T11:36:30.428236+00:00
30092026_1_2,30092026,1,2,NEW CHAPTER,13.0,53.5,2026-09-30T11:36:30.428236+00:00
30092026_1_2,30092026,1,2,NIN DES BOSC,48.0,53.5,2026-09-30T11:36:30.428236+00:00
30092026_1_2,30092026,1,2,NACRE DU GERS,47.0,53.5,2026-09-30T11:36:30.428236+00:00
30092026_1_2,30092026,1,2,NEWTON TUILERIE,84.0,53.5,2026-09-30T11:36:30.428236+00:00
30092026_1_2,30092026,1,2,NOTA PRIMO,111.0,53.5,2026-09-30T11:36:30.428236+00:00
30092026_1_2,30092026,1,2,NAMOUR DAB,67.0,53.5,2026-09-30T11:36:30.428236+00:00
30092026_1_2,30092026,1,2,NOCTURNE DE BUSSET,171.0,53.5,2026-09-30T11:36:30.428236+00:00
30092026_1_2,30092026,1,2,NAXOS DIBAH,8.8,53.5,2026-09-30T11:36:30.428236+00:00
30092026_1_2,30092026,1,2,NELSON SWIFT,83.0,53.5,2026-09-30T11:36:30.428236+00:00
30092026_1_2,30092026,1,2,NESTINA,15.0,53.5,2026-09-30T11:36:30.428236+00:00
30092026_1_1,30092026,1,1,LIGHT MY FIRE,98.0,6.5,2026-09-30T11:48:31.840284+00:00
30092026_1_1,30092026,1,1,KAMEHAMEHA,49.0,6.5,2026-09-30T11:48:31.840284+00:00
30092026_1_1,30092026,1,1,RIKITA JP,8.1,6.5,2026-09-30T11:48:31.840284+00:00
30092026_1_1,30092026,1,1,HURRICANE CARTER,39.0,6.5,2026-09-30T11:48:31.840284+00:00
30092026_1_1,30092026,1,1,JILORD VIVA,5.5,6.5,2026-09-30T11:48:31.840284+00:00
30092026_1_1,30092026,1,1,INVICTUS MADIBA,28.0,6.5,2026-09-30T11:48:31.840284+00:00
30092026_1_1,30092026,1,1,L'AS DESBOIS,2.9,6.5,2026-09-30T11:48:31.840284+00:00
30092026_1_1,30092026,1,1,HORATIUS D'ELA,26.0,6.5,2026-09-30T11:48:31.840284+00:00
30092026_1_1,30092026,1,1,IBISCUS MAN,11.0,6.5,2026-09-30T11:48:31.840284+00:00
30092026_1_1,30092026,1,1,GENDREEN,84.0,6.5,2026-09-30T11:48:31.840284+00:00
30092026_1_1,30092026,1,1,HANNIBAL TUILERIE,114.0,6.5,2026-09-30T11:48:31.840284+00:00
30092026_1_1,30092026,1,1,JABALPUR,109.0,6.5,2026-09-30T11:48:31.840284+00:00
30092026_1_1,30092026,1,1,HARLEY GEMA,8.0,6.5,2026-09-30T11:48:31.840284+00:00
30092026_1_1,30092026,1,1,IDEAL LIGNERIES,11.0,6.5,2026-09-30T11:48:31.840284+00:00
30092026_1_1,30092026,1,1,INMAROSA,16.0,6.5,2026-09-30T11:48:31.840284+00:00
30092026_1_2,30092026,1,2,NIGHT SESSION,9.8,41.5,2026-09-30T11:48:31.840284+00:00
30092026_1_2,30092026,1,2,NEIGE DU KASTEL,24.0,41.5,2026-09-30T11:48:31.840284+00:00
30092026_1_2,30092026,1,2,NAYAJACQ,55.0,41.5,2026-09-30T11:48:31.840284+00:00
30092026_1_2,30092026,1,2,NEMROD GEDE,23.0,41.5,2026-09-30T11:48:31.840284+00:00
30092026_1_2,30092026,1,2,NINJA POTERIE,2.4,41.5,2026-09-30T11:48:31.840284+00:00
30092026_1_2,30092026,1,2,NIKITA DE BEAUM,21.0,41.5,2026-09-30T11:48:31.840284+00:00
30092026_1_2,30092026,1,2,NEVERS DE BELLANDE,12.0,41.5,2026-09-30T11:48:31.840284+00:00
30092026_1_2,30092026,1,2,NARDECH DE HOUELLE,12.0,41.5,2026-09-30T11:48:31.840284+00:00
30092026_1_2,30092026,1,2,NEW CHAPTER,13.0,41.5,2026-09-30T11:48:31.840284+00:00
30092026_1_2,30092026,1,2,NIN DES BOSC,44.0,41.5,2026-09-30T11:48:31.840284+00:00
30092026_1_2,30092026,1,2,NACRE DU GERS,48.0,41.5,2026-09-30T11:48:31.840284+00:00
30092026_1_2,30092026,1,2,NEWTON TUILERIE,68.0,41.5,2026-09-30T11:48:31.840284+00:00
30092026_1_2,30092026,1,2,NOTA PRIMO,95.0,41.5,2026-09-30T11:48:31.840284+00:00
30092026_1_2,30092026,1,2,NAMOUR DAB,68.0,41.5,2026-09-30T11:48:31.840284+00:00
30092026_1_2,30092026,1,2,NOCTURNE DE BUSSET,173.0,41.5,2026-09-30T11:48:31.840284+00:00
30092026_1_2,30092026,1,2,NAXOS DIBAH,9.1,41.5,2026-09-30T11:48:31.840284+00:00
30092026_1_2,30092026,1,2,NELSON SWIFT,81.0,41.5,2026-09-30T11:48:31.840284+00:00
30092026_1_2,30092026,1,2,NESTINA,15.0,41.5,2026-09-30T11:48:31.840284+00:00
